{
  "experiment": "random_baseline",
  "acfg_file": "/home/newdrive/makil/projects/GenAI_Malware_Repository/development_code/asm_pe_file_exp/MalGuise/MalGuise/src/utils/acfg_extractor/extracted_data/malgraph/MALGRAPH_BETA_3_300_CALIB_SET/c5e800da0e1d523119de112aef349fb586d37e35a589be9f95e2bad81b6d8798_September.json",
  "hash": "c5e800da0e1d523119de112aef349fb586d37e35a589be9f95e2bad81b6d8798_September",
  "initial_score": 0.8884068131446838,
  "final_score": 0.9957923889160156,
  "best_score": 0.5916208624839783,
  "best_iteration": 10,
  "threshold": 0.14346,
  "bypassed": false,
  "num_mutations": 30,
  "max_iterations": 30,
  "seed": 42,
  "mutations": [
    {
      "func_indices": [
        2,
        2,
        1,
        1,
        0,
        1
      ],
      "block_indices": [
        6,
        7,
        3,
        2,
        2,
        0
      ],
      "block_importances": [
        96.02543640136719,
        84.65958404541016,
        30.366151809692383,
        30.085256576538086,
        25.808225631713867,
        23.67100715637207
      ],
      "nop_idx": 163,
      "nop_str": "and dh, dh\n",
      "score_before": 0.8884068131446838,
      "score_after": 0.8648028373718262
    },
    {
      "func_indices": [
        2,
        2,
        1,
        1,
        0,
        1
      ],
      "block_indices": [
        6,
        7,
        3,
        2,
        2,
        0
      ],
      "block_importances": [
        97.5030517578125,
        84.23030090332031,
        30.616744995117188,
        30.201396942138672,
        25.300046920776367,
        22.38728904724121
      ],
      "nop_idx": 28,
      "nop_str": "xor ecx, 0xccefh\nxor ecx, 0xccefh\n",
      "score_before": 0.8648028373718262,
      "score_after": 0.8219017386436462
    },
    {
      "func_indices": [
        2,
        2,
        1,
        1,
        0,
        1
      ],
      "block_indices": [
        6,
        7,
        3,
        2,
        2,
        0
      ],
      "block_importances": [
        100.38280487060547,
        83.37818908691406,
        30.8938045501709,
        30.180864334106445,
        24.424116134643555,
        20.133968353271484
      ],
      "nop_idx": 6,
      "nop_str": "xor eax, 0xccefh\nxor eax, 0xccefh\n",
      "score_before": 0.8219017386436462,
      "score_after": 0.7238384485244751
    },
    {
      "func_indices": [
        2,
        2,
        1,
        1,
        0,
        1
      ],
      "block_indices": [
        6,
        7,
        3,
        2,
        2,
        0
      ],
      "block_importances": [
        102.94828033447266,
        82.13371276855469,
        31.049545288085938,
        30.06016731262207,
        23.336467742919922,
        18.656068801879883
      ],
      "nop_idx": 70,
      "nop_str": "cmp ax, ax\n",
      "score_before": 0.7238384485244751,
      "score_after": 0.762197732925415
    },
    {
      "func_indices": [
        2,
        2,
        1,
        1,
        0,
        1
      ],
      "block_indices": [
        6,
        7,
        3,
        2,
        2,
        0
      ],
      "block_importances": [
        105.57901000976562,
        82.28828430175781,
        32.0240592956543,
        31.512754440307617,
        23.717941284179688,
        18.604686737060547
      ],
      "nop_idx": 62,
      "nop_str": "add cl, 0x89h\nsub cl, 0x89h\n",
      "score_before": 0.762197732925415,
      "score_after": 0.7043455243110657
    },
    {
      "func_indices": [
        2,
        2,
        1,
        1,
        0,
        1
      ],
      "block_indices": [
        6,
        7,
        3,
        2,
        2,
        0
      ],
      "block_importances": [
        108.6153793334961,
        81.28353881835938,
        32.82151794433594,
        31.86394691467285,
        24.096511840820312,
        18.7841854095459
      ],
      "nop_idx": 57,
      "nop_str": "xchg cl, cl\n",
      "score_before": 0.7043455243110657,
      "score_after": 0.6997314691543579
    },
    {
      "func_indices": [
        2,
        2,
        1,
        1,
        0,
        1
      ],
      "block_indices": [
        6,
        7,
        3,
        2,
        2,
        0
      ],
      "block_importances": [
        108.81665802001953,
        81.84091186523438,
        33.68424606323242,
        32.84982681274414,
        24.260208129882812,
        19.15668487548828
      ],
      "nop_idx": 35,
      "nop_str": "xchg edx, edx\n",
      "score_before": 0.6997314691543579,
      "score_after": 0.6935532093048096
    },
    {
      "func_indices": [
        2,
        2,
        1,
        1,
        0,
        1
      ],
      "block_indices": [
        6,
        7,
        3,
        2,
        2,
        0
      ],
      "block_importances": [
        109.07161712646484,
        82.40772247314453,
        34.53309631347656,
        33.854793548583984,
        24.439790725708008,
        19.551746368408203
      ],
      "nop_idx": 26,
      "nop_str": "cmp ecx, ecx\n",
      "score_before": 0.6935532093048096,
      "score_after": 0.7301586270332336
    },
    {
      "func_indices": [
        2,
        2,
        1,
        1,
        0,
        1
      ],
      "block_indices": [
        6,
        7,
        3,
        2,
        2,
        0
      ],
      "block_importances": [
        111.96920013427734,
        82.56388092041016,
        35.43297576904297,
        34.90837097167969,
        24.905885696411133,
        19.676488876342773
      ],
      "nop_idx": 173,
      "nop_str": "xor dl, 0x89h\nxor dl, 0x89h\n",
      "score_before": 0.7301586270332336,
      "score_after": 0.676522970199585
    },
    {
      "func_indices": [
        2,
        2,
        1,
        1,
        0,
        1
      ],
      "block_indices": [
        6,
        7,
        3,
        2,
        2,
        1
      ],
      "block_importances": [
        114.37566375732422,
        81.28983306884766,
        35.95841979980469,
        35.175575256347656,
        23.95195960998535,
        20.93840789794922
      ],
      "nop_idx": 139,
      "nop_str": "add bh, 0x89h\nsub bh, 0x89h\n",
      "score_before": 0.676522970199585,
      "score_after": 0.5916208624839783
    },
    {
      "func_indices": [
        2,
        2,
        1,
        1,
        1,
        0
      ],
      "block_indices": [
        6,
        7,
        3,
        2,
        1,
        2
      ],
      "block_importances": [
        117.07498931884766,
        80.05945587158203,
        38.30171585083008,
        37.90195083618164,
        25.662912368774414,
        24.285282135009766
      ],
      "nop_idx": 22,
      "nop_str": "mov ecx, ecx\n",
      "score_before": 0.5916208624839783,
      "score_after": 0.6440108418464661
    },
    {
      "func_indices": [
        2,
        2,
        1,
        1,
        1,
        0
      ],
      "block_indices": [
        6,
        7,
        3,
        2,
        1,
        2
      ],
      "block_importances": [
        116.86454010009766,
        80.474365234375,
        39.124698638916016,
        38.78943634033203,
        26.280492782592773,
        24.22588539123535
      ],
      "nop_idx": 151,
      "nop_str": "xor bl, 0x89h\nxor bl, 0x89h\n",
      "score_before": 0.6440108418464661,
      "score_after": 0.6196466684341431
    },
    {
      "func_indices": [
        2,
        2,
        1,
        1,
        1,
        0
      ],
      "block_indices": [
        6,
        7,
        3,
        2,
        1,
        2
      ],
      "block_importances": [
        119.21238708496094,
        78.86579132080078,
        41.13119888305664,
        40.46626663208008,
        29.842880249023438,
        23.267810821533203
      ],
      "nop_idx": 108,
      "nop_str": "and dx, dx\n",
      "score_before": 0.6196466684341431,